codigo_poligono,lote_empresa,entregable_cod_ign_fi,unidades_catastrales,sector,version,n_cic,cic_difusion,fotografias_difusion,cic_inicio,fotografias_inicio,cic_cierre,fotografias_cierre,distrito_oficial,lote_oficial,empresa_oficial,fuente_oficial,fuente_complementaria,complementado_desde_supervision,hoja,fila_excel
251110143,Lote 4 - EXP,E01 / SM_01,"2,920",11,V1,CIC-1,03/01/2026,,08/01/2026,,17/01/2026,,San Miguel,4,EXP,CIC_IGNFI_V2 (5).xlsx,,,L345-CIC,2
251110144,Lote 5 - Telespazio,E05 / CH_01,"2,959",19,V1,CIC-2,03/01/2026,,03/01/2026,,17/01/2026,,Chorrillos,5,TELESPAZIO,CIC_IGNFI_V2 (5).xlsx,,,L345-CIC,3
251210003,Lote 3A - EXP,E02 / IN_01,"3,061","08, 09",V1,CIC-3,03/01/2026,,03/01/2026,,17/01/2026,,Independencia,3A,EXP,CIC_IGNFI_V2 (5).xlsx,,,L345-CIC,4
251210004,Lote 5 - Telespazio,E03 / CH_02,"2,934",19,V2,CIC-10,14/03/2026,,19/03/2026,,28/03/2026,,Chorrillos,5,TELESPAZIO,CIC_IGNFI_V2 (5).xlsx,Supervision_Comunicacion (6).xlsx,,L345-CIC,12
251210005,Lote 4 - EXP,E03 / SM_02,"3,067",11,V2,CIC-11,14/03/2026,,19/03/2026,,28/03/2026,,San Miguel,4,EXP,CIC_IGNFI_V2 (5).xlsx,Supervision_Comunicacion (6).xlsx,,L345-CIC,15
251210006,Lote 4 - EXP,E05 / EA_02,"2,777",05,V2,CIC-4,19/02/2026,,24/02/2026,,05/03/2026,,El Agustino,4,EXP,CIC_IGNFI_V2 (5).xlsx,Supervision_Comunicacion (6).xlsx,,L345-CIC,6
260110001,Lote 3B - EXP,E03 / CO_01,"3,081",68,V1,CIC-5,25/02/2026,,02/03/2026,,11/03/2026,,Comas,3B,EXP,CIC_IGNFI_V2 (5).xlsx,Supervision_Comunicacion (6).xlsx,,L345-CIC,7
260110002,Lote 3A - EXP,E03 / IN_02,"3,054","09, 18, 19",V1,CIC-6,25/02/2026,,02/03/2026,,11/03/2026,,Independencia,3A,EXP,CIC_IGNFI_V2 (5).xlsx,Supervision_Comunicacion (6).xlsx,,L345-CIC,8
260110003,Lote 4 - EXP,E04 / SM_03,"3,008","11, 12",V2,CIC-22,16/04/2026,,21/04/2026,,30/04/2026,,San Miguel,4,EXP,CIC_IGNFI_V2 (5).xlsx,Supervision_Comunicacion (6).xlsx,,L345-CIC,29
260110004,Lote 4 - EXP,E04 / EA_01,"2,641",01,V1,CIC-4,19/02/2026,,24/02/2026,,05/03/2026,,El Agustino,4,EXP,CIC_IGNFI_V2 (5).xlsx,Supervision_Comunicacion (6).xlsx,,L345-CIC,5
260110005,Lote 6 - ICL,E01 / CL_01,"3,130",20,V2,CIC-2,27/03/2026,,01/04/2026,,10/04/2026,,Cercado de Lima,6,ICL-UE003,CIC_IGNFI_V2 (5).xlsx,,,L6-CIC,9
260110007,Lote 5 - Telespazio,E04 / SJ_01,"2,698",33,V1,CIC-7,27/02/2026,,03/03/2026,,12/03/2026,,San Juan de Miraflores,5,TELESPAZIO,CIC_IGNFI_V2 (5).xlsx,Supervision_Comunicacion (6).xlsx,,L345-CIC,9
260110008,Lote 6 - ICL,E01 / CL_02,"3,080",20,V1,CIC-1,11/03/2026,,16/03/2026,,25/03/2026,,Cercado de Lima,6,ICL-UE003,CIC_IGNFI_V2 (5).xlsx,Supervision_Comunicacion (6).xlsx,,L6-CIC,2
260110009,Lote 6 - ICL,E01 / CL_03,"3,158",20,V1,CIC-1,11/03/2026,,16/03/2026,,25/03/2026,,Cercado de Lima,6,ICL-UE003,CIC_IGNFI_V2 (5).xlsx,Supervision_Comunicacion (6).xlsx,,L6-CIC,3
260110010,Lote 5 - Telespazio,E04 / VS_01,"2,714","07, 02",V1,CIC-9,07/03/2026,,12/03/2026,,21/03/2026,,Villa El Salvador,5,TELESPAZIO,CIC_IGNFI_V2 (5).xlsx,Supervision_Comunicacion (6).xlsx,,L345-CIC,11
260210012,Lote 3A - EXP,E04 / IN_03,"2,959","19, 22",V1,CIC-12,25/03/2026,,30/03/2026,,08/04/2026,,Independencia,3A,EXP,CIC_IGNFI_V2 (5).xlsx,Supervision_Comunicacion (6).xlsx,,L345-CIC,16
260210013,Lote 3B - EXP,E04 / CO_02,"2,969","64, 69",V1,CIC-13,25/03/2026,,30/03/2026,,08/04/2026,,Comas,3B,EXP,CIC_IGNFI_V2 (5).xlsx,Supervision_Comunicacion (6).xlsx,,L345-CIC,17
260210014,Lote 5 - Telespazio,E04 / CH_03,"3,008",19,V1,CIC-16,27/03/2026,,02/04/2026,,11/04/2026,,Chorrillos,5,TELESPAZIO,CIC_IGNFI_V2 (5).xlsx,Supervision_Comunicacion (6).xlsx,,L345-CIC,21
260210015,Lote 3B - EXP,E04 / CO_03,"3,019","58, 64",V1,CIC-13,25/03/2026,,30/03/2026,,08/04/2026,,Comas,3B,EXP,CIC_IGNFI_V2 (5).xlsx,Supervision_Comunicacion (6).xlsx,,L345-CIC,18
260210019,Lote 3A - EXP,E04 / IN_04,"2,941","19, 25, 27, 30",V1,CIC-8,05/03/2026,,10/03/2026,,19/03/2026,,Independencia,3A,EXP,CIC_IGNFI_V2 (5).xlsx,Supervision_Comunicacion (6).xlsx,,L345-CIC,10
260210020,Lote 4 - EXP,E05 / SM_04,"3,059",12,V1,CIC-11,14/03/2026,,19/03/2026,,28/03/2026,,San Miguel,4,EXP,CIC_IGNFI_V2 (5).xlsx,Supervision_Comunicacion (6).xlsx,,L345-CIC,13
260210021,Lote 4 - EXP,E06 / EA_03,"2,869",05,V1,CIC-21,11/04/2026,,16/04/2026,,25/04/2026,,El Agustino,4,EXP,CIC_IGNFI_V2 (5).xlsx,Supervision_Comunicacion (6).xlsx,,L345-CIC,28
260210022,Lote 4 - EXP,E05 / SM_05,"2,548","12, 13",V1,CIC-11,14/03/2026,,19/03/2026,,28/03/2026,,San Miguel,4,EXP,CIC_IGNFI_V2 (5).xlsx,Supervision_Comunicacion (6).xlsx,,L345-CIC,14
260210023,Lote 6 - ICL,E02 / CL_04,"2,896",20,V1,CIC-2,27/03/2026,,01/04/2026,,10/04/2026,,Cercado de Lima,6,ICL-UE003,CIC_IGNFI_V2 (5).xlsx,,,L6-CIC,4
260210024,Lote 6 - ICL,E02 / CL_05,"2,822",20,V1,CIC-2,27/03/2026,,01/04/2026,,10/04/2026,,Cercado de Lima,6,ICL-UE003,CIC_IGNFI_V2 (5).xlsx,,,L6-CIC,5
260210025,Lote 6 - ICL,E02 / CL_06,"2,945",15,V1,CIC-2,27/03/2026,,01/04/2026,,10/04/2026,,Cercado de Lima,6,ICL-UE003,CIC_IGNFI_V2 (5).xlsx,,,L6-CIC,6
260310027,Lote 6 - ICL,E02 / CL_07,"2,966",15,V1,CIC-2,27/03/2026,,01/04/2026,,10/04/2026,,Cercado de Lima,6,ICL-UE003,CIC_IGNFI_V2 (5).xlsx,,,L6-CIC,7
260310028,Lote 6 - ICL,E02 / CL_08,"2,917","15, 20",V1,CIC-2,27/03/2026,,01/04/2026,,10/04/2026,,Cercado de Lima,6,ICL-UE003,CIC_IGNFI_V2 (5).xlsx,,,L6-CIC,8
260310030,Lote 3C - Insys,E03 / SP_02,"2,972","58, 59",V2,CIC-36,03/06/2026,,08/06/2026,,17/06/2026,,San Martin de Porres,3C,INSYS,CIC_IGNFI_V2 (5).xlsx,Supervision_Comunicacion (6).xlsx,,L345-CIC,45
260310031,Lote 5 - Telespazio,E05 / CH_04,"2,884",19,V1,CIC-15,26/03/2026,,31/03/2026,,09/04/2026,,Chorrillos,5,TELESPAZIO,CIC_IGNFI_V2 (5).xlsx,Supervision_Comunicacion (6).xlsx,,L345-CIC,20
260310032,Lote 3C - Insys,E03 / SP_03,"2,982","57, 58",V2,CIC-36,03/06/2026,,08/06/2026,,17/06/2026,,San Martin de Porres,3C,INSYS,CIC_IGNFI_V2 (5).xlsx,Supervision_Comunicacion (6).xlsx,,L345-CIC,46
260310033,Lote 3C - Insys,E03 / SP_04,"2,780","56, 57",V1,CIC-14,25/03/2026,,30/03/2026,,08/04/2026,,San Martin de Porres,3C,INSYS,CIC_IGNFI_V2 (5).xlsx,Supervision_Comunicacion (6).xlsx,,L345-CIC,19
260310036,Lote 3A - EXP,E05 / IN_05,"3,020","27, 28, 30, 31",V1,CIC-17,02/04/2026,,07/04/2026,,16/04/2026,,Independencia,3A,EXP,CIC_IGNFI_V2 (5).xlsx,Supervision_Comunicacion (6).xlsx,,L345-CIC,22
260310037,Lote 3B - EXP,E05 / CO_04,"3,042","57, 58",V1,CIC-18,02/04/2026,,07/04/2026,,16/04/2026,,Comas,3B,EXP,CIC_IGNFI_V2 (5).xlsx,Supervision_Comunicacion (6).xlsx,,L345-CIC,23
260310038,Lote 3C - Insys,E02 / SP_01,"3,090",59,V2,CIC-25,30/04/2026,,05/05/2026,,14/05/2026,,San Martin de Porres,3C,INSYS,CIC_IGNFI_V2 (5).xlsx,Supervision_Comunicacion (6).xlsx,,L345-CIC,32
260310039,Lote 3B - EXP,E05 / CO_05,"3,082","56, 57, 58",V1,CIC-18,02/04/2026,,07/04/2026,,16/04/2026,,Comas,3B,EXP,CIC_IGNFI_V2 (5).xlsx,Supervision_Comunicacion (6).xlsx,,L345-CIC,24
260310040,Lote 5 - Telespazio,E05 / VS_02,"3,082","20, 32, 33",V1,CIC-19,02/04/2026,,07/04/2026,,16/04/2026,,Villa El Salvador,5,TELESPAZIO,CIC_IGNFI_V2 (5).xlsx,Supervision_Comunicacion (6).xlsx,,L345-CIC,25
260310042,Lote 4 - EXP,E06 / SM_06,"3,021",13,V1,CIC-31,16/05/2026,,20/05/2026,,29/05/2026,,San Miguel,4,EXP,CIC_IGNFI_V2 (5).xlsx,Supervision_Comunicacion (6).xlsx,,L345-CIC,39
260310043,Lote 4 - EXP,E06 / SM_07,"3,027","10, 13",V1,CIC-20,11/04/2026,,16/04/2026,,25/04/2026,,San Miguel,4,EXP,CIC_IGNFI_V2 (5).xlsx,Supervision_Comunicacion (6).xlsx,,L345-CIC,26
260310045,Lote 4 - EXP,E06 / SM_08,"2,814",13,V1,CIC-20,11/04/2026,,16/04/2026,,25/04/2026,,San Miguel,4,EXP,CIC_IGNFI_V2 (5).xlsx,Supervision_Comunicacion (6).xlsx,,L345-CIC,27
260310046,Lote 4 - EXP,E06 / EA_04,"1,849","01, 02, 05",V1,CIC-32,16/05/2026,,20/05/2026,,29/05/2026,,El Agustino,4,EXP,CIC_IGNFI_V2 (5).xlsx,Supervision_Comunicacion (6).xlsx,,L345-CIC,40
260310048,Lote 5 - Telespazio,E05 / SJ_02,"3,092","23, 30, 33",V1,CIC-24,30/04/2026,,05/05/2026,,14/05/2026,,San Juan de Miraflores,5,TELESPAZIO,CIC_IGNFI_V2 (5).xlsx,Supervision_Comunicacion (6).xlsx,,L345-CIC,31
260310049,Lote 5 - Telespazio,E05 / CH_05,"2,974",19,V1,CIC-23,23/04/2026,,28/04/2026,,07/05/2026,,Chorrillos,5,TELESPAZIO,CIC_IGNFI_V2 (5).xlsx,Supervision_Comunicacion (6).xlsx,,L345-CIC,30
260310050,Lote 6 - ICL,E03 / CL_09,"3,038","18, 19",V2,CIC-3,06/05/2026,,11/05/2026,,20/05/2026,,Cercado de Lima,6,ICL-UE003,CIC_IGNFI_V2 (5).xlsx,Supervision_Comunicacion (6).xlsx,,L6-CIC,10
260310051,Lote 6 - ICL,E03 / CL_10,"3,053","17, 19",V2,CIC-3,06/05/2026,,11/05/2026,,20/05/2026,,Cercado de Lima,6,ICL-UE003,CIC_IGNFI_V2 (5).xlsx,Supervision_Comunicacion (6).xlsx,,L6-CIC,11
260410052,Lote 5 - Telespazio,E05 / VS_03,"2,408","24, 32",V1,CIC-40,07/06/2026,,12/06/2026,,21/06/2026,,Villa El Salvador,5,TELESPAZIO,CIC_IGNFI_V2 (5).xlsx,Supervision_Comunicacion (6).xlsx,,L345-CIC,53
260410053,Lote 3C - Insys,E04 / SP_05,"3,036",56,V1,CIC-39,06/06/2026,,11/06/2026,,20/06/2026,,San Martin de Porres,3C,INSYS,CIC_IGNFI_V2 (5).xlsx,Supervision_Comunicacion (6).xlsx,,L345-CIC,51
260410055,Lote 3C - Insys,E04 / SP_07,"2,977","54, 55",V1,CIC-39,06/06/2026,,11/06/2026,,20/06/2026,,San Martin de Porres,3C,INSYS,CIC_IGNFI_V2 (5).xlsx,Supervision_Comunicacion (6).xlsx,,L345-CIC,52
260410057,Lote 3B - EXP,E06 / CO_06,"3,076","45, 56",V1,CIC-26,30/04/2026,,05/05/2026,,14/05/2026,,Comas,3B,EXP,CIC_IGNFI_V2 (5).xlsx,Supervision_Comunicacion (6).xlsx,,L345-CIC,33
260410058,Lote 3B - EXP,E06 / CO_07,"3,063","45, 46",V1,CIC-26,30/04/2026,,05/05/2026,,14/05/2026,,Comas,3B,EXP,CIC_IGNFI_V2 (5).xlsx,Supervision_Comunicacion (6).xlsx,,L345-CIC,34
260410059,Lote 4 - EXP,E07 / SM_09,"3,094","07, 08",V1,CIC-27,09/05/2026,,14/05/2026,,23/05/2026,,San Miguel,4,EXP,CIC_IGNFI_V2 (5).xlsx,Supervision_Comunicacion (6).xlsx,,L345-CIC,35
260410060,Lote 3B - EXP,E06 / CO_08,"3,084","33, 46",V1,CIC-29,09/05/2026,,14/05/2026,,23/05/2026,,Comas,3B,EXP,CIC_IGNFI_V2 (5).xlsx,Supervision_Comunicacion (6).xlsx,,L345-CIC,37
260410062,Lote 4 - EXP,E07 / EA_06,"4,443",15,V1,CIC-28,09/05/2026,,14/05/2026,,23/05/2026,,El Agustino,4,EXP,CIC_IGNFI_V2 (5).xlsx,Supervision_Comunicacion (6).xlsx,,L345-CIC,36
260410063,Lote 4 - EXP,E06 / EA_07,"3,019","07, 13",V1,CIC-41,12/06/2026,,16/06/2026,,25/06/2026,,El Agustino,4,EXP,CIC_IGNFI_V2 (5).xlsx,Supervision_Comunicacion (6).xlsx,,L345-CIC,54
260410064,Lote 4 - EXP,E07 / SM_10,"3,044",10,V1,CIC-42,12/06/2026,,16/06/2026,,25/06/2026,,San Miguel,4,EXP,CIC_IGNFI_V2 (5).xlsx,Supervision_Comunicacion (6).xlsx,,L345-CIC,58
260410066,Lote 4 - EXP,E07 / SM_11,"3,081",,V1,CIC-42,12/06/2026,,16/06/2026,,25/06/2026,,San Miguel,4,EXP,CIC_IGNFI_V2 (5).xlsx,Supervision_Comunicacion (6).xlsx,,L345-CIC,59
260410067,Lote 5 - Telespazio,E06 / VS_05,"2,585","19, 24, 25",V1,CIC-45,30/06/2026,,01/07/2026,,10/07/2026,,Villa El Salvador,5,TELESPAZIO,CIC_IGNFI_V2 (5).xlsx,Supervision_Comunicacion (6).xlsx,Sí,L345-CIC,66
260410068,Lote 3A - EXP,E06 / IN_06,"2,867","30, 38, 39",V1,CIC-30,09/05/2026,,14/05/2026,,23/05/2026,,Independencia,3A,EXP,CIC_IGNFI_V2 (5).xlsx,Supervision_Comunicacion (6).xlsx,,L345-CIC,38
260410071,Lote 5 - Telespazio,E06 / SJ_04,"2,415","31, 32",V1,CIC-43,23/06/2026,,28/06/2026,,07/07/2026,,San Juan de Miraflores,5,TELESPAZIO,CIC_IGNFI_V2 (5).xlsx,Supervision_Comunicacion (6).xlsx,,L345-CIC,64
260410072,Lote 5 - Telespazio,E06 / CH_06,"2,585",19,V1,CIC-44,27/06/2026,,01/07/2026,,10/07/2026,,Chorrillos,5,TELESPAZIO,CIC_IGNFI_V2 (5).xlsx,Supervision_Comunicacion (6).xlsx,Sí,L345-CIC,65
260410076,Lote 5 - Telespazio,E06 / VS_06,"2,516","11, 17, 18",V1,CIC-34,30/05/2026,,04/06/2026,,13/06/2026,,Villa El Salvador,5,TELESPAZIO,CIC_IGNFI_V2 (5).xlsx,Supervision_Comunicacion (6).xlsx,,L345-CIC,42
260510077,Lote 3B - EXP,E07 / CO_09,"2,933","32, 33",V1,CIC-33,29/05/2026,,03/06/2026,,12/06/2026,,Comas,3B,EXP,CIC_IGNFI_V2 (5).xlsx,Supervision_Comunicacion (6).xlsx,,L345-CIC,41
260510078,Lote 3C - Insys,E05 / SP_08,"3,109","43, 54",V1,CIC-35,30/05/2026,,04/06/2026,,13/06/2026,,San Martin de Porres,3C,INSYS,CIC_IGNFI_V2 (5).xlsx,Supervision_Comunicacion (6).xlsx,,L345-CIC,43
260510080,Lote 3C - Insys,E05 / SP_10,"2,775","43, 44",V1,CIC-35,30/05/2026,,04/06/2026,,13/06/2026,,San Martin de Porres,3C,INSYS,CIC_IGNFI_V2 (5).xlsx,Supervision_Comunicacion (6).xlsx,,L345-CIC,44
260510081,Lote 3B - EXP,E07 / CO_10,"2,917","22, 23, 33",V1,CIC-37,05/06/2026,,10/06/2026,,19/06/2026,,Comas,3B,EXP,CIC_IGNFI_V2 (5).xlsx,Supervision_Comunicacion (6).xlsx,,L345-CIC,47
260510083,Lote 3A - EXP,E07 / IN_07,"3,079","28, 29, 30, 31, 32, 33, 34",V1,CIC-38,05/06/2026,,10/06/2026,,19/06/2026,,Independencia,3A,EXP,CIC_IGNFI_V2 (5).xlsx,Supervision_Comunicacion (6).xlsx,,L345-CIC,50
260510084,Lote 3B - EXP,E07 / CO_11,"2,912","22, 23, 24",V1,CIC-37,05/06/2026,,10/06/2026,,19/06/2026,,Comas,3B,EXP,CIC_IGNFI_V2 (5).xlsx,Supervision_Comunicacion (6).xlsx,,L345-CIC,48
260510086,Lote 3B - EXP,E07 / CO_12,"2,987",45,V1,CIC-37,05/06/2026,,10/06/2026,,19/06/2026,,Comas,3B,EXP,CIC_IGNFI_V2 (5).xlsx,Supervision_Comunicacion (6).xlsx,,L345-CIC,49
260510087,Lote 4 - EXP,E08 / SM_12,"3,004",09,V1,CIC-42,12/06/2026,,16/06/2026,,25/06/2026,,San Miguel,4,EXP,CIC_IGNFI_V2 (5).xlsx,Supervision_Comunicacion (6).xlsx,,L345-CIC,60
260510088,Lote 4 - EXP,E08 / SM_13,"4,254",09,V1,CIC-42,12/06/2026,,16/06/2026,,25/06/2026,,San Miguel,4,EXP,CIC_IGNFI_V2 (5).xlsx,Supervision_Comunicacion (6).xlsx,,L345-CIC,61
260510089,Lote 4 - EXP,E08 / EA_09,"3,002","04, 06, 09, 10",V1,CIC-41,12/06/2026,,16/06/2026,,25/06/2026,,El Agustino,4,EXP,CIC_IGNFI_V2 (5).xlsx,Supervision_Comunicacion (6).xlsx,,L345-CIC,55
260510090,Lote 4 - EXP,E08 / EA_10,"3,092",06,V1,CIC-41,12/06/2026,,16/06/2026,,25/06/2026,,El Agustino,4,EXP,CIC_IGNFI_V2 (5).xlsx,Supervision_Comunicacion (6).xlsx,,L345-CIC,56
260510091,Lote 4 - EXP,E08 / EA_11,"3,145","07, 11",V1,CIC-41,12/06/2026,,16/06/2026,,25/06/2026,,El Agustino,4,EXP,CIC_IGNFI_V2 (5).xlsx,Supervision_Comunicacion (6).xlsx,,L345-CIC,57
260510092,Lote 4 - EXP,E08 / SM_14,"3,227",07,V1,CIC-42,12/06/2026,,16/06/2026,,25/06/2026,,San Miguel,4,EXP,CIC_IGNFI_V2 (5).xlsx,Supervision_Comunicacion (6).xlsx,,L345-CIC,62
260510093,Lote 4 - EXP,E08 / SM_15,"2,549","07, 09",V1,CIC-42,12/06/2026,,16/06/2026,,25/06/2026,,San Miguel,4,EXP,CIC_IGNFI_V2 (5).xlsx,Supervision_Comunicacion (6).xlsx,,L345-CIC,63
260510101,Lote 3A - EXP,E09 / IN_08,"3,031","39, 40, 42",V1,,,,,,,,Independencia,3A,EXP,CIC_IGNFI_V2 (5).xlsx,,,L345-CIC,71
260610106,Lote 3B - EXP,E08 / CO_14,"2,999","16, 24",V1,,,,,,,,Comas,3B,EXP,CIC_IGNFI_V2 (5).xlsx,,,L345-CIC,68
260610108,Lote 3B - EXP,E08 / CO_15,"3,105","16, 15",V1,,,,,,,,Comas,3B,EXP,CIC_IGNFI_V2 (5).xlsx,,,L345-CIC,69
260610109,Lote 3C - Insys,E05 / SP_11,"2,921","40, 44, 46",V1,,,,,,,,San Martin de Porres,3C,INSYS,CIC_IGNFI_V2 (5).xlsx,,,L345-CIC,67
260610114,Lote 3B - EXP,E08 / CO_16,"3,022","14, 15",V1,,,,,,,,Comas,3B,EXP,CIC_IGNFI_V2 (5).xlsx,,,L345-CIC,70
