ID;Tipo;Nro CIC;Lote;Distrito;Sector;Descripcion;Fecha;Hora;Asistio;Enviado;Forma de Envio;Responsable IGN FI;Observac;;
1;Charla de Sensibilizacion;;3C;San Martin de Porres;59;Dirigentes Vecinales y vecinos ;12/12/25;3:00 PM;NO;Lourdes Celestino;Correo;NO;;;
2;Supervision Campo;;5;Villa El Salvador;;Tecnicos de Campo;15/12/25;9:00 AM;SI;;;Melvin Membreño;;;
3;Supervision Gabinete;;5;San Juan de Miraflores;;Base Datos;15/12/25;10:00 AM;SI;;;Diana Condor;;;
4;Supervision Comunicaciones;;5;Chorrillos;;Volanteo, Perifoneo;15/12/25;8:30 AM;SI;;;Roxana Venegas - Milagros Diaz - Branco Del Pino;;;
5;Charla de Sensibilizacion;;5;Chorrillos;19;Dirigentes Vecinales y vecinos ;15/12/25;7:00 PM;SI;Diana Flores;Whast App;Roxana Venegas;VIRTUAL (10 Personas);;
6;Supervision Campo;;4;San Miguel;;Acompañamiento Lev Campo;15/12/25;8:30 AM;SI;;;Melvin Membreño - Erick - Antonio - Erika ;;;
7;Supervision Comunicaciones;;4;San Miguel;;Volanteo, Perifoneo;16/12/25;9:30 AM;SI;;;Roxana Venegas - Milagros Diaz - Branco Del Pino;;;
8;Supervision Gabinete;;4;San Miguel;;Base Datos;16/12/25;9:00 AM;SI;;;Diana Condor;;;
9;Supervision Campo;;4;El Agustino;;Acompañamiento Lev Campo;18/12/25;9:00 AM;SI;;;Erika Gutierrez - Antonio Tasayco;;;
10;Supervision Comunicaciones;;4;El Agustino;;Volanteo - Visita a Modulo Atencion;18/12/25;10:00 AM;SI;;;Milagros Diaz - Branco Del Pino;;;
11;Supervision Gabinete;;3C;San Martin de Porres;;Base Datos;17/12/25;9:00 AM;SI;;;Diana Condor - Wilson Chavarria;;;
12;Supervision Campo;;3A;Independencia;;Acompañamiento Lev Campo;19/12/25;9:00 AM;SI;;;Erika Gutierrez - Antonio Tasayco;;;
13;Charla de Sensibilizacion;;5;Chorrillos;19;Propietarios de Edificio Las Gaviotas;19/12/25;8:00 PM;SI;Diana Flores;Whast App;Roxana Venegas;VIRTUAL. Fue Suspendida por NO ASISTENCIA VECINOS;;
14;Supervision Comunicaciones;;3A;Independencia;19 y 25;Volanteo, Perifoneo;19/12/25;9:00 AM;SI;;;Milagros Diaz - Branco Del Pino;;;
15;CIC_Difusion;3;3A;Independencia;8 y 9;Volanteo;07/01/26;9:00 AM;SI;Eduardo Becerra;Whast App;Wilson Chavarria;;;
16;CIC_Difusion;2;5;Chorrillos;19;Volanteo, Perifoneo;07/01/26;8:00 AM;SI;Diana Flores;Whast App;Roxana Venegas;;;
17;CIC_Difusion;1;4;San Miguel;11;Volanteo;07/01/26;11:30 AM;SI;Giovana Zavala;Whast App;Roxana Venegas;;;
18;CIC_INICIO;1;4;San Miguel;11;Inicio de Consulta de Informacion Catastral;08/01/26;10:00 AM;SI;Jose Sihuay;Correo;Wilson Chavarria;;;
19;CIC_INICIO;2;5;Chorrillos;19;Inicio de Consulta de Informacion Catastral;08/01/26;11:00 AM;SI;Jose Sihuay;Correo;Diana Condor;;;
20;CIC_INICIO;3;3A;Independencia;8 y 9;Inicio de Consulta de Informacion Catastral;08/01/26;9:00 AM;SI;Jose Sihuay;Correo;Roxana Venegas;;;
21;Charla de Sensibilizacion;;5;Chorrillos;19;Dirigentes Vecinales y vecinos;15/01/26;7:00 PM;SI;Diana Flores;Whast App;Roxana Venegas - Mathilde Mitaut;VIRTUAL. Fue Suspendida por NO ASISTENCIA VECINOS;;
22;Supervision Comunicaciones;;6;Lima;17;Volanteo, Pegado Afiches (Parque Santa Teodosia);16/01/26;9:40 AM;SI;Fabiola Diaz;Correo;Branco Del Pino - Antonio Tasayco;;;
23;Charla de Sensibilizacion;;5;Chorrillos;19;Dirigentes Vecinales y vecinos;16/01/26;7:00 PM;SI;Diana Flores;Whast App;Roxana Venegas;VIRTUAL (11 Personas);;
24;CIC_CIERRE;1;4;San Miguel;11;Cierre de Consulta de Informacion Catastral;17/01/26;12:00 PM;SI;Jose Sihuay;Whast App;Roxana Venegas;Informo hora de termino del CIC;;
25;CIC_CIERRE;2;5;Chorrillos;19;Cierre de Consulta de Informacion Catastral;17/01/26;12:00 PM;SI;Jose Sihuay;Whast App;Mathilde Mitaut;Informo hora de termino del CIC;;
26;CIC_CIERRE;3;3A;Independencia;8 y 9;Cierre de Consulta de Informacion Catastral;17/01/26;1:00 PM;SI;Jose Sihuay;Whast App;Roxana Venegas;Informo hora de termino del CIC;;
27;Supervision Campo;;6;Lima;19;Acompañamiento Lev Campo;19/01/26;9:30 AM;SI;Maria Gomez;Whast App;Antonio Tasayco - Erika Gutierrez;Informo Sector, Hora, punto de encuentro;;
28;Charla de Sensibilizacion;;6;Lima;19;"Charla Informativa ""actualizacion Catastral Lima""";21/01/26;7:30 PM;SI;Fabiola Diaz;Correo;Roxana Venegas ;;;
29;Charla de Sensibilizacion;;6;Lima;17;"Charla Informativa ""actualizacion Catastral Lima""";22/01/26;7:30 PM;SI;Fabiola Diaz;Correo;Roxana Venegas;;;
30;Supervision Campo;;3B;Comas;58;Acompañamiento Lev Campo;27/01/26;9:30 AM;SI;Eduardo Becerra;Whast App;Antonio Tasayco - Erika Gutierrez;Sector 58- Pto Ecuentro Mercado Honduras;;
31;Charla de Sensibilizacion;;6;Lima;17;"Charla Informativa ""actualizacion Catastral Lima""";30/01/26;4:00 PM;SI;Fabiola Diaz;Whast App;Roxana Venegas;VIRTUAL (32 Personas - Sector 17 y 19);;
32;Charla de Sensibilizacion;;5;Chorrillos;19;Junta de Propietarios, Administradores, Propietarios;03/02/26;7:00 PM;SI;Diana Flores;Whast App;Roxana Venegas;VIRTUAL Urb La Campiña (10 personas);;
33;Charla de Sensibilizacion;;6;Lima;18;"Charla Informativa ""actualizacion Catastral Lima""";13/02/26;3:00 PM;SI;Graciela Madrid;Correo;Wilson Chavarria;;;
34;Supervision Banner;;4;San Miguel;;Supervision de Material Publicitario-Distrito;18/02/26;9:30 AM;SI;Giovana Zavala;Whast App;Roxana Venegas;;;
35;Charla de Sensibilizacion;;6;Lima;11 y 12;Reunion de Coordinacion  CASA VECINAL N.º3;18/02/26;9:30 AM;SI;Graciela Madrid;Correo;Roxana Venegas;Presencial;;
36;Supervision Banner;;6;Lima;17,18,11 y 12;Supervision de Material Publicitario-Distrito;18/02/26;9:30 AM;SI;Graciela Madrid;Correo;Roxana Venegas;;;
37;Supervision Comunicaciones;;4;El Agustino;6;Inicio de actividad Fotofachada Sector 06;18/02/26;8:00 AM;SI;Tania Guisasola;Correo;Milagros Diaz - Yoselin Soto;Ovalo La Paz (Frontis de Central de Serenazgo);;
38;Supervision Comunicaciones;;3B;Comas;58;Difusion de Levantamiento Catastral;18/02/26;9:00 AM;SI;Eduardo Becerra;Whast App;Branco Del Pino - Jamir Camones;Sector 58- Modulo Atencion-Parque Dragon Rojo;;
39;CIC_Difusion;4;4;El Agustino;1;Entrega de cartas Lideres Poligonos Catastrales 1 y 2;23/02/26;9:00 AM;SI;Tania Guisasola;Correo;Milagros Diaz;;;
40;CIC_INICIO;4;4;El Agustino;1;Inicio de Consulta de Informacion Catastral;24/02/26;9:00 AM;SI;Jose Sihuay;Correo;Roxana Venegas;Poligonos 260110004 y 251210006;;
41;Supervision Gabinete;;3C;San Martin de Porres;;Base Datos - Cartografia;24/02/26;9:00 AM;SI;Jose Sihuay;Reunion;Melvin Membreño;Poligono 260210011 (NO CONFORME);;
42;Supervision Campo;;3B;Comas;57;Acompañamiento Lev Campo;25/02/26;8:00 AM;SI;Eduardo Becerra;Whast App;Erika Gutierrez - Margarita Alvarado;Punto de Encuentro: Centro Cívico Municipal;;
43;Supervision Campo;;3A;Independencia;27 y 28;Acompañamiento Lev Campo;25/02/26;7:30 AM;SI;Eduardo Becerra;Whast App;Antonio Tasayco - Thomas Ventura;Punto de Encuentro: Municipalidad de Independencia;;
44;Charla de Sensibilizacion;;6;Lima;11 y 12;"Charla Informativa ""actualizacion Catastral Lima""";27/02/26;3:00 PM;SI;Graciela Madrid;Whast App;Roxana Venegas;;;
45;CIC_INICIO;5;3B;Comas;68;Inicio de Consulta de Informacion Catastral;02/03/26;9:00 AM;SI;Jose Sihuay;Correo;Wilson Chavarria;Poligono 260110001;;
46;CIC_INICIO;6;3A;Independencia;9, 18 y 19;Inicio de Consulta de Informacion Catastral;02/03/26;9:00 AM;SI;Jose Sihuay;Correo;Roxana Venegas;Poligono 260110002;;
47;CIC_INICIO;7;5;San Juan de Miraflores;33;Inicio de Consulta de Informacion Catastral;03/03/26;9:00 AM;SI;Jose Sihuay;Correo;Roxana Venegas;Poligono 260110007;;
48;CIC_CIERRE;4;4;El Agustino;1;Cierre de Consulta de Informacion Catastral;05/03/26;4:00 PM;SI;Jose Sihuay;Correo;Roxana Venegas;Poligonos 260110004 y 251210006;;
49;Charla de Sensibilizacion;;6;Lima;;"Charla Informativa ""actualizacion Catastral Lima""";06/03/26;3:00 PM;SI;Maria Gomez;Correo;Roxana Venegas;Programacion del Mes de Marzo;;
50;CIC_INICIO;8;3A;Independencia;19,25,27,30;Inicio de Consulta de Informacion Catastral;10/03/26;10:00 AM;SI;Jose Sihuay;Correo;Roxana Venegas;Poligono 260210019;;
51;CIC_CIERRE;6;3A;Independencia;9,18 y 19;Cierre de Consulta de Informacion Catastral;11/03/26;4:00 PM;SI;Jose Sihuay;Correo;Melvin Membreño;Poligono 260110002;;
52;CIC_CIERRE;5;3B;Comas;68;Cierre de Consulta de Informacion Catastral;11/03/26;4:00 PM;SI;Jose Sihuay;Correo;Roxana Venegas;Poligono 260110001;;
53;Supervision Gabinete;;3C;San Martin de Porres;;Base Datos - Cartografia;12/03/26;9:00 AM;SI;Dani Casalprim;;Melvin Membreño;;;
54;Supervision Campo;;3C;San Martin de Porres;;Acompañamiento Lev Campo;12/03/26;10:00 AM;;Dani Casalprim;;Melvin Membreño;;;
55;CIC_INICIO;9;5;Villa El Salvador;7;Inicio de Consulta de Informacion Catastral;12/03/26;10:00 AM;SI;Jose Sihuay;Correo;Roxana Venegas;Poligono 260110010;;
56;CIC_CIERRE;7;5;San Juan de Miraflores;;Cierre de Consulta de Informacion Catastral;12/03/26;4:00 PM;SI;Jose Sihuay;Correo;Roxana Venegas;Poligono 260110007;;
57;Charla de Sensibilizacion;;6;Lima;13,14;"Charla Informativa ""actualizacion Catastral Lima""";13/03/26;3:00 PM;SI;Maria Gomez;Correo;Roxana Venegas;Programacion del Mes de Marzo;;
58;CIC_Difusion;1;6;Lima;20;Volanteo, Perifoneo y Pegado de Afiches;15/03/26;8:30 AM;SI;Graciela Madrid;Correo;Roxana Venegas;Poligono 26011008 y 26011009;;
59;CIC_INICIO;1;6;Lima;20;Inicio de Consulta de Informacion Catastral;16/03/26;11:00 AM;SI;Maria Gomez;Correo;Roxana Venegas;Poligono 26011008 y 26011009;;
60;CIC_Difusion;11;4;San Miguel;11,12 y13;Volanteo ;17/03/26;8:30 AM;SI;Santiago;Whast App;Wilson Chavarria;251210005 (E3) y 260210020 y 260210022 (E5);;
61;CIC_Difusion;10;5;Chorrillos;19;Volanteo ;17/03/26;8:30 AM;SI;Diana Flores;Whast App;Roxana Venegas;Poligono 251210004;;
62;CIC_INICIO;10;5;Chorrillos;19;Inicio de Consulta de Informacion Catastral;19/03/26;9:00 AM;SI;Jose Sihuay;Correo;Roxana Venegas;Poligono 251210004;;
63;CIC_INICIO;11;4;San Miguel;11,12 y13;Inicio de Consulta de Informacion Catastral;19/03/26;9:00 AM;SI;Jose Sihuay;Correo;Wilson Chavarria;251210005 (E3) y 260210020 y 260210022 (E5);;
64;CIC_CIERRE;8;3A;Independencia;19,25,27,30;Cierre de Consulta de Informacion Catastral;19/03/26;4:00 PM;SI;Jose Sihuay;Correo;Roxana Venegas;Poligono 260210019;;
65;CIC_CIERRE;9;5;Villa El Salvador;7;Cierre de Consulta de Informacion Catastral;21/03/26;1:00 PM;SI;Jose Sihuay;Correo;Roxana Venegas;Poligono 260110010;;
66;Supervision Comunicaciones;;5;San Juan de Miraflores;35;Supervision de Material Publicitario-Distrito;24/03/26;8:30 AM;SI ;Mariam Diaz;Whast App;Jose Antonio Reluz;Sector 35 y verificacion Roll Screen;;
67;Supervision Comunicaciones;;5;Chorrillos;;Supervision de Material Publicitario-Distrito;24/03/26;11:00 AM;SI;Diana Flores;Whast App;Jose Antonio Reluz;Verificacion Roll Screen;;
68;Supervision Comunicaciones;;5;Villa El Salvador;;Supervision de Material Publicitario-Distrito;24/03/26;2:00 PM;SI ;Alejandro Moron;Whast App;Jose Antonio Reluz;Verificacion Roll Screen y Afiches;;
69;Supervision Campo;;3B;Comas;;Acompañamiento Lev Campo;25/03/26;8:30 AM;SI ;Melvin;;Antonio y Margarita;;;
70;Supervision Campo;;5;Villa El Salvador;;Acompañamiento Lev Campo;25/03/26;8:30 AM;SI ;Melvin;;Erika y Thomas;;;
71;CIC_CIERRE;1;6;Lima;20;Cierre de Consulta de Informacion Catastral;25/03/26;4:00 PM;SI ;Maria Gomez;Correo;Roxana Venegas y Jose Antonio Reluz;Poligono 26011008 y 26011009;;
72;CIC_Difusion;12;3A;Independencia;19,22;Volanteo, Perifoneo CIC;26/03/26;9:00 AM;SI ;Susi Ponte;Whast App;Jamir y Joselin;Poligono 260210012;;
73;Supervision Campo;;4;San Miguel;;Acompañamiento Lev Campo;26/03/26;9:00 AM;SI ;;;Antonio-Erika-Thomas-Margarita;;;
74;Supervision Comunicaciones;;4;San Miguel;;Modulo Atencion, Acompañamiento Levantamiento;26/03/26;9:00 AM;SI ;Giovana Zavala;Whast App;Jose Antonio Reluz;;;
75;Charla de Sensibilizacion;;5;Villa El Salvador;;Dirigentes Vecinales y vecinos;26/03/26;6:00 PM;SI ;Nallely/Alejandro Moron;Whast App;Roxana Venegas ;Charla VIRTUAL;;
76;CIC_Difusion;13;3B;Comas;58,64,69;Volanteo, Perifoneo CIC;27/03/26;9:00 AM;SI ;Eduardo Becerra;Whast App;Jose Antonio Reluz;  Poligono 260210013, Poligono 260210015;;
77;Supervision Campo;;3B;Comas;;Acompañamiento Lev Campo;27/03/26;11:30 AM;SI ;Eduardo Becerra;Whast App;Jose Antonio Reluz;;;
78;CIC_CIERRE;10;5;Chorrillos;19;Cierre de Consulta de Informacion Catastral;28/03/26;12:00 PM;SI ;Jose Sihuay;Correo;Jose Antonio Reluz;Poligono 251210004;;
79;CIC_CIERRE;11;4;San Miguel;11,12 y13;Cierre de Consulta de Informacion Catastral;28/03/26;12:00 PM;SI ;Jose Sihuay;Correo;Roxana Venegas ;251210005 (E3) y 260210020 y 260210022 (E5);;
80;CIC_Difusion;14;3C;San Martin de Porres;56,57;Volanteo CIC;29/03/26;9:00 AM;;Kevin Elera;Correo;NO LO REALIZO INSYS;Se solicito a INSYS Cronograma y actividades-SIN RESPUESTA;;
81;CIC_INICIO;12;3A;Independencia;19,22;Inicio de Consulta de Informacion Catastral;30/03/26;9:30 AM;SI ;Jose Sihuay;Correo;Jose Antonio Reluz;Poligono 260210012;;
82;CIC_INICIO;13;3B;Comas;58,64,69;Inicio de Consulta de Informacion Catastral;30/03/26;9:30 AM;SI ;Jose Sihuay;Correo;Roxana Venegas;Poligono  Poligono 260210013, Poligono 260210015;;
83;CIC_INICIO;14;3C;San Martin de Porres;56,57;Inicio de Consulta de Informacion Catastral;30/03/26;9:30 AM;SI ;Jose Sihuay;Correo;Wilson Chavarria;Poligono 260310033;;
84;Supervision Campo;;3C;San Martin de Porres;;Acompañamiento Lev Campo;30/03/26;9:30 AM;SI ;Melvin;;Antonio Tasayco - Thomas Ventura;Poligono 260310033;;
85;CIC_Difusion;2;6;Lima;15,2;Entrega de cartas, Pegado de Afiches;31/03/26;9:00 AM;SI ;Graciela Madrid;Correo;Jose Antonio Reluz;6 Poligonos;;
86;CIC_INICIO;2;6;Lima;15,2;Inicio de Consulta de Informacion Catastral;01/04/26;9:30 AM;SI ;Maria Gomez;Correo;Roxana Venegas;6 Poligonos;;
87;CIC_INICIO;15;5;Chorrillos;19;Inicio de Consulta de Informacion Catastral;01/04/26;9:00 AM;SI ;Jose Sihuay;Correo;Jose Antonio Reluz;Poligono 260310031.  Debio ser Dia 31 de Marzo;;
88;CIC_INICIO;16;5;Chorrillos;19;Inicio de Consulta de Informacion Catastral;01/04/26;9:00 AM;SI ;Jose Sihuay;Correo;Jose Antonio Reluz;Poligono 260210014 .  Debio ser Dia 02 de Abril;;
89;CIC_MOVIL;15;5;Chorrillos;19;CIC - MOVIL;06/04/26;11:00 AM;SI ;Diana Flores;Whast App;Jose Antonio Reluz;Poligono 260310031 CIC MOVIL- PARROQUIA VIRGEN DE LA FAMILIA;;
90;CIC_Difusion;17;3A;Independencia;27,28,30,31;Volanteo CIC;06/04/26;8:00 AM;SI ;Susi Ponte;Whast App;Thomas Ventura;Poligono 260310036.  Punto de Encuentro: Jr Educación con Amancaes.;;
91;CIC_Difusion;18;3B;Comas;56,57;Volanteo CIC;06/04/26;9:00 AM;SI ;Eduardo Becerra;Whast App;Jamir Camones;Poligono 260310037 Y260310039. Punto de Encuentro PARQUE URB. LAS VEGAS;;
92;CIC_Difusion;19;5;Villa El Salvador;;Volanteo CIC;06/04/26;9:00 AM;SI ;Alejandro Moron;Whast App;Jose Antonio Reluz;Poligono 260310040;;
93;CIC_INICIO;17;3A;Independencia;27,28,30,31;Inicio de Consulta de Informacion Catastral;07/04/26;10:00 AM;SI ;Jose Sihuay;Correo;Yoselin Soto;Poligono 260310036;;
94;CIC_INICIO;18;3B;Comas;56,57,58;Inicio de Consulta de Informacion Catastral;07/04/26;10:00 AM;SI ;Jose Sihuay;Correo;Roxana Venegas;Poligono 260310037 Y260310039;;
95;CIC_INICIO;19;5;Villa El Salvador;20,32,33;Inicio de Consulta de Informacion Catastral;07/04/26;10:00 AM;SI ;Jose Sihuay;Correo;Jose Antonio Reluz;Poligono 260310040;;
96;CIC_MOVIL;16;5;Chorrillos;19;CIC - MOVIL;07/04/26;12:00 PM;SI ;Diana Flores;Whast App;Jose Antonio Reluz;CIC Móvil Polígono 260210014 - martes 07 - Casa de la Juventud;;
97;Supervision Campo;;3A;Independencia;33 Y 34;Acompañamiento Lev Campo;08/04/26;8:00 AM;SI ;John Garcia;Whast App;Antonio-Erika-Thomas-Margarita;Levantamiento en Campo en Sector 33 y 34;;
98;Supervision Comunicaciones;;3A;Independencia;33 Y 34;Volanteo, Perifoneo ;08/04/26;8:30 AM;SI ;Eduardo Becerra;Whast App;Antonio-Thomas;;;
99;Supervision Comunicaciones;;4;El Agustino;23;Volanteo, Perifoneo y Pegado de Afiches;08/04/26;9:30 AM;SI ;Yanina Arteaga;Correo;Jose Antonio Reluz;VOLANTEO DE PUERTA A PUERTA Y PERIFONEO 08.04.2026 - SECTOR 23;;
100;CIC_CIERRE;12;3A;Independencia;19,22;Cierre de Consulta de Informacion Catastral;08/04/26;4:00 PM;SI ;Jose Sihuay;Correo;Roxana Venegas;Poligono 260210012;;
101;CIC_CIERRE;13;3B;Comas;58,64,69;Cierre de Consulta de Informacion Catastral;08/04/26;4:00 PM;SI ;Jose Sihuay;Correo;Jose Antonio Reluz;Poligono 260210013, Poligono 260210015;;
102;CIC_CIERRE;14;3C;San Martin de Porres;56,57;Cierre de Consulta de Informacion Catastral;08/04/26;4:00 PM;SI ;Jose Sihuay;Correo;Wilson Chavarria;Poligono 260310033;;
103;Supervision Campo;;6;Lima;6;Acompañamiento Lev Campo;09/04/26;9:00 AM;SI ;Maria Gomez;Correo;Erika y Margarita;;;
104;CIC_CIERRE;15;5;Chorrillos;19;Cierre de Consulta de Informacion Catastral;09/04/26;4:00 PM;SI ;Jose Sihuay;Correo;Roxana Venegas;Poligono  260310031;;
105;Supervision Campo;;3C;San Martin de Porres;;Acompañamiento Lev Campo;10/04/26;8:00 AM;SI ;Jose Sihuay;Correo;Antonio-Erika-Thomas-Margarita;;;
106;Supervision Comunicaciones;;5;Villa El Salvador;12;Pegado de Afiches , Modulo Iitnerante ;10/04/26;10:30 AM;SI ;Mariam Diaz;Correo;Jose Antonio Reluz;Sector 12.  Punto de Encuentro en Oficina Tecnica;;
107;CIC_MOVIL;19;5;Villa El Salvador;20,32,33;CIC - MOVIL;10/04/26;14:00 pm;SI ;Alejandro Moron;Whast App;Jose Antonio Reluz;Poligono 260310040;;
108;CIC_CIERRE;2;6;Lima;15,2;Cierre de Consulta de Informacion Catastral;10/04/26;4:00 PM;SI ;Maria Gomez;Correo;Roxana Venegas;6 Poligonos;;
109;CIC_CIERRE;16;5;Chorrillos;19;Cierre de Consulta de Informacion Catastral;11/04/26;12:00 PM;SI ;Jose Sihuay;Correo;Roxana Venegas;Poligono 260210014 ;;
110;Supervision Comunicaciones;;6;Lima;6;Entrega de cartas Lideres y dirigentes;14/04/26;14:00 pm;SI ;Graciela Madrid;Whast App;Jose Antonio Reluz;;;
111;Charla de Sensibilizacion;;5;Villa El Salvador;5;Junta de Propietarios, Administradores, Propietarios;14/04/26;17:30 pm;SI ;Alejandro Moron;Whast App;Roxana Venegas;;;
112;Charla de Sensibilizacion;;5;Chorrillos;;Junta de Propietarios, Administradores, Propietarios;15/04/26;10:00 AM;SI ;Diana Flores;Whast App;Jose Antonio Reluz;Condominio Floresta Sur;;
113;CIC_INICIO;20;4;San Miguel;13;Inicio de Consulta de Informacion Catastral;16/04/26;10:00 AM;SI ;Jose Sihuay;Correo;Roxana Venegas;;;
114;CIC_INICIO;21;4;El Agustino;5;Inicio de Consulta de Informacion Catastral;16/04/26;11:00 AM;SI ;Jose Sihuay;Correo;Jose Antonio Reluz;Poligono 260210021;;
115;CIC_CIERRE;17;3A;Independencia;27,28,30,31;Cierre de Consulta de Informacion Catastral;16/04/26;4:00 PM;SI ;Jose Sihuay;Correo;Wilson Chavarria;Poligono 260310036;;
116;CIC_CIERRE;18;3B;Comas;57,58;Cierre de Consulta de Informacion Catastral;16/04/26;4:00 PM;SI ;Jose Sihuay;Correo;Roxana Venegas;Poligono 260310037 Y 260310039;;
117;CIC_CIERRE;19;5;Villa El Salvador;20,32,33;Cierre de Consulta de Informacion Catastral;16/04/26;4:00 PM;SI ;Jose Sihuay;Correo;Jose Antonio Reluz;Poligono 260310040;;
118;CIC_Difusion;22;4;San Miguel;11,12;Volanteo CIC  - Entrega de Cartas;20/04/26;10:00 AM;SI ;Giovana Zavala;Whast App;Jose Antonio Reluz;Poligono 260110003;;
119;Supervision Comunicaciones;;4;San Miguel;9;Volanteo;20/04/26;12:00 PM;SI ;Santiago Merino;Whast App;Jose Antonio Reluz;;;
120;Supervision Comunicaciones;;5;Villa El Salvador;5;Pegado de Afiches y Acompañamiento Lev;21/04/26;10:00 AM;SI ;Jose Sihuay;Correo;Jose Antonio Reluz;;;
121;CIC_INICIO;22;4;San Miguel;11,12;Inicio de Consulta de Informacion Catastral;21/04/26;10:00 AM;SI ;Jose Sihuay;Correo;Roxana Venegas;Poligono 260110003;;
122;Supervision Comunicaciones;;5;Chorrillos;19;Pegado de Afiches publicitarios;22/04/26;9:00 AM;SI ;Jose Sihuay;Correo;Jose Antonio Reluz;;;
123;Supervision Comunicaciones;;5;San Juan de Miraflores;34;Pegado de Afiches, Perifoneo;22/04/26;2:30 PM;SI ;Jose Sihuay;Correo;Jose Antonio Reluz;;;
124;Charla de Sensibilizacion;;6;Lima;;"Charla Informativa ""actualizacion Catastral Lima""";24/04/26;3:00 PM;SI ;Graciela Madrid;Correo;Roxana Venegas;;;
125;CIC_CIERRE;20;4;San Miguel;13;Cierre de Consulta de Informacion Catastral;25/04/26;12:00 PM;SI ;Jose Sihuay;Correo;Roxana Venegas;Poligono 260310043 - 260310045;;
126;CIC_CIERRE;21;4;El Agustino;5;Cierre de Consulta de Informacion Catastral;25/04/26;12:00 PM;SI ;Jose Sihuay;Correo;Jose Antonio Reluz;Poligono 260210021;;
127;CIC_Difusion;23;5;Chorrillos;19;Volanteo, Perifoneo CIC;25/04/26;8:00 AM;SI ;Diana Flores;Whast App;Jose Antonio Reluz;Poligono 260310049;;
128;CIC_INICIO;23;5;Chorrillos;19;Inicio de Consulta de Informacion Catastral;28/04/26;10:00 AM;SI ;Jose Sihuay;Correo;Jose Antonio Reluz;Poligono 260310049;;
129;CIC_MOVIL;23;5;Chorrillos;19;CIC - MOVIL;30/04/26;9:00 AM;SI ;Diana Flores;Whast App;Jose Antonio Reluz;Poligono 260310049;;
130;CIC_CIERRE;22;4;San Miguel;11,12;Cierre de Consulta de Informacion Catastral;30/04/26;4:00 PM;SI ;Jose Sihuay;Correo;Roxana Venegas;Poligono 260110003;;
131;CIC_Difusion;24;5;San Juan de Miraflores;23,30,33;Volanteo, Perifoneo CIC;04/05/26;9:00 AM;SI ;Mariam Diaz;Whast App;Jose Antonio Reluz;Poligono 260310048;;
132;CIC_INICIO;24;5;San Juan de Miraflores;23,30,33;Inicio de Consulta de Informacion Catastral;05/05/26;10:00 AM;SI ;Jose Sihuay;Correo;Jose Antonio Reluz;Poligono 260310048;;
133;CIC_INICIO;25;3C;San Martin de Porres;59;Inicio de Consulta de Informacion Catastral;05/05/26;10:00 AM;SI ;Jose Sihuay;Correo;Roxana Venegas;Poligono 260310038;;
134;CIC_INICIO;26;3B;Comas;45,46,56;Inicio de Consulta de Informacion Catastral;05/05/26;10:00 AM;SI ;Jose Sihuay;Correo;Thomas Ventura;Poligono 260410057 y 260410058;;
135;Supervision Campo;;4;El Agustino;;Acompañamiento Lev Campo;05/05/26;8:00 AM;SI ;Tania Guisasola;Correo;Antonio-Erika-Margarita;;;
136;Supervision Comunicaciones;;;San Juan de Miraflores;;Pegado de Afiches publicitarios;05/05/26;5:00 PM;SI;Mariam Diaz;Whast App;Jose Antonio Reluz;;;
137;Charla de Sensibilizacion;;3A;Independencia;42;Dirigentes Vecinales y vecinos;06/05/26;8:30 AM;SI;Susi Ponte;Whast App;Jose Antonio Reluz;Charla de Sensibilizacion en San Camilo;;
138;Supervision Campo;;3C;San Martin de Porres;;Acompañamiento Lev Campo;06/05/26;10:00 AM;SI ;Melvin;;Erick Villacrez;;;
139;Supervision Comunicaciones;;3B;Comas;;Perifoneo y acompanamiento Lev;06/05/26;11:00 AM;SI ;Eduardo Becerra;Whast App;Jose Antonio Reluz;;;
140;Supervision Gabinete;;4;El Agustino;;Base Datos;07/05/26;9:00 AM;SI ;Melvin;;Yoselin Soto;;;
141;Supervision Gabinete;;4;San Miguel;;Base Datos;07/05/26;9:00 AM;SI ;Melvin;;Milagros Diaz;;;
142;CIC_CIERRE;23;5;Chorrillos;19;Cierre de Consulta de Informacion Catastral;07/05/26;4:00 PM;SI ;Jose Sihuay;Correo;Jose Antonio Reluz;Poligono 260310049;;
143;Supervision Campo;;;Chorrillos;;Acompañamiento Lev Campo - Gabinete;07/05/26;9:00 AM;SI ;Melvin;;Erick Villacrez;Supervision de Campo y Gabinete;;
144;CIC_Difusion;3;6;Lima;17-18-19;Volanteo, Perifoneo y Pegado de Afiches;08/05/26;8:30 AM;SI ;Graciela Madrid;Whast App;Jose Antonio Reluz;Poligonos 260310050 - 260310051;;
145;Supervision Campo;;6;Lima;17-18-19;Complemento Topografico;08/05/26;11:00 AM;SI ;;;Jose Antonio Reluz;En Supervision Difusion se encontro a la Brigada Complmento Topografico;;
146;Supervision Campo;;5;Villa El Salvador;;Acompañamiento Lev Campo;08/05/26;8:30 AM;SI ;Melvin;;Thomas Ventura;;;
147;Supervision Campo;;5;San Juan de Miraflores;;Acompañamiento Lev Campo;08/05/26;8:30 AM;SI ;Melvin;;Antonio Tasayco;;;
148;Charla de Sensibilizacion;;6;Lima;19;"Charla Informativa ""actualizacion Catastral Lima""";08/05/26;3:00 PM;SI;Graciela Madrid;Correo;Roxana Venegas ;;;
149;CIC_INICIO;3;6;Lima;17-18-19;Inicio de Consulta de Informacion Catastral;11/05/26;9:00 AM;SI;Maria Gomez;Correo;Roxana Venegas;Poligonos 260310050 - 260310051;;
150;CIC_Difusion;27;4;San Miguel;7, 8;Volanteo y Perifoneo CIC;11/05/26;9:00 AM;SI;Santiago Merino;Whast App;Jose Antonio Reluz;Poligono 260410059;;
151;CIC_Difusion;30;3A;Independencia;30,38, 39;Volanteo CIC;12/05/26;9:00 AM;SI ;Susi Ponte;Whast App;Jose Antonio Reluz;Poligono 260410068;;
152;CIC_MOVIL;24;5;San Juan de Miraflores;23,30,33;CIC - MOVIL;12/05/26;10:00 AM;SI;Mariam Diaz;Whast App;Roxana Venegas;Poligono 260310048;;
153;CIC_MOVIL;26;3B;Comas;45,46,56;CIC - Movil, Volanteo, Perifoneo CIC;12/05/26;12:00 PM;SI;Eduardo Becerra;Whast App;Jose Antonio Reluz;Poligono 260410057 y 260410058;;
154;CIC_Difusion;28;4;El Agustino;23;Volanteo y Perifoneo CIC;13/05/26;9:00 AM;SI;Mayra Mallqui;Correo;Jose Antonio Reluz;Poligono 260410062;;
155;CIC_INICIO;27;4;San Miguel;7,8;Inicio de Consulta de Informacion Catastral;14/05/26;10:00 AM;SI;Jose Sihuay;Correo;Erika Gutierrez;Poligono 260410059;;
156;CIC_INICIO;28;4;El Agustino;15;Inicio de Consulta de Informacion Catastral;14/05/26;10:00 AM;SI;Jose Sihuay;Correo;Jose Antonio Reluz;Poligono 260410062;;
157;CIC_INICIO;29;3B;Comas;33,46;Inicio de Consulta de Informacion Catastral;14/05/26;10:00 AM;SI;Jose Sihuay;Correo;Margarita Alvarado;Poligono 260410060;;
158;CIC_INICIO;30;3A;Independencia;30,38, 39;Inicio de Consulta de Informacion Catastral;14/05/26;10:00 AM;SI;Jose Sihuay;Correo;Roxana Venegas;Poligono 260410068;;
159;Supervision Gabinete;;5;San Juan de Miraflores;;Acompañamiento Lev Campo, Oficina;14/05/26;10:00 AM;SI ;Melvin;;Erick Villacrez;Supervision de Campo y Gabinete;;
160;CIC_CIERRE;24;5;San Juan de Miraflores;23,30,33;Cierre de Consulta de Informacion Catastral;14/05/26;4:00 PM;SI;Jose Sihuay;Correo;Erick Villacrez;Poligono 260310048;;
161;CIC_CIERRE;25;3C;San Martin de Porres;59;Cierre de Consulta de Informacion Catastral;14/05/26;4:00 PM;SI;Jose Sihuay;Correo;Jose Antonio Reluz;Poligono 260310038;;
162;CIC_CIERRE;26;3B;Comas;45,46,56;Cierre de Consulta de Informacion Catastral;14/05/26;4:00 PM;SI;Jose Sihuay;Correo;Roxana Venegas ;Poligono 260410057 y 260410058;;
163;Charla de Sensibilizacion;;5;Villa El Salvador;;Charla Informativa en PRONEI;15/05/26;5:20 PM;SI ;Alejandro Moron;Whast App;Jose Antonio Reluz;;;
164;CIC_MOVIL;3;6;Lima;17-18-19;CIC - MOVIL;18/05/26;3:00 PM;SI ;Maria Gomez;Correo;Roxana Venegas;Poligonos 260310050 - 260310051;;
165;Supervision Comunicaciones;;4;El Agustino;;Entrega de Carta - PNP;19/05/26;10:00 AM;SI ;;;Jose Antonio Reluz;Entrega de cartas a la PNP para resguardo en el prox sector a levantar.;;
166;CIC_Difusion;32;4;El Agustino;1, 2 y 5;Volanteo y entrega de cartas de lideres y dirigentes CIC;19/05/26;9:30 AM;SI ;Mayra Mallqui;Correo;Jose Antonio Reluz;Poligono 260310046. Lugar de inicio: Plaza Civica  Cooperativa Huancayo;;
167;CIC_INICIO;31;4;San Miguel;13;Inicio de Consulta de Informacion Catastral;20/05/26;10:00 AM;SI ;Jose Sihuay;Correo;Roxana Venegas;Poligono 260310042;;
168;CIC_INICIO;32;4;El Agustino;1, 2 y 5;Inicio de Consulta de Informacion Catastral;20/05/26;10:00 AM;SI ;Jose Sihuay;Correo;Jose Antonio Reluz;Poligono 260310046;;
169;CIC_CIERRE;3;6;Lima;17-18-19;Cierre de Consulta de Informacion Catastral;20/05/26;4:30 PM;SI ;Maria Gomez;Correo;Roxana Venegas;Poligonos 260310050 - 260310051;;
170;Supervision Comunicaciones;;3C;San Martin de Porres;40;Volanteo, Perifoneo y Pegado de Afiches;21/05/26;9:00 AM;SI ;Jose Sihuay;Correo;Jose Antonio Reluz;Sector 40.  Punto Encuento Av. Universitaria con Tomas Valle;;
171;Supervision Gabinete;;3C;San Martin de Porres;;Sup.  Metodologia de trabajo, Lev y Base Cartografica;21/05/26;10:00 AM;SI ;Melvin;;Erick Villacrez;Supervision de Gabinete;;
172;CIC_CIERRE;27;4;San Miguel;7,8;Cierre de Consulta de Informacion Catastral;23/05/26;12:00 PM;SI ;Jose Sihuay;Correo;Roxana Venegas;Poligono 260410059;;
173;CIC_CIERRE;28;4;El Agustino;15;Cierre de Consulta de Informacion Catastral;23/05/26;12:00 PM;SI ;Jose Sihuay;Correo;Jose Antonio Reluz;Poligono 260410062;;
174;CIC_CIERRE;29;3B;Comas;33,46;Cierre de Consulta de Informacion Catastral;23/05/26;12:00 PM;SI ;Jose Sihuay;Correo;Jamir Camones;Poligono 260410060;;
175;CIC_CIERRE;30;3A;Independencia;30,38, 39;Cierre de Consulta de Informacion Catastral;23/05/26;12:00 PM;SI ;Jose Sihuay;Correo;Yoselin Soto;Poligono 260410068;;
176;Supervision Comunicaciones;3;5;Chorrillos;3;Supervision de Pasacalles - Visita Modulo Municipalidad;27/05/26;3:30 PM;SI ;Jose Sihuay;Correo;Jose Antonio Reluz;Visita de pasacalles del sector 3;;
177;Supervision Campo;;3B;Comas;;Acompañamiento Lev Campo;28/05/26;8:30 AM;SI ;Jose Sihuay;Correo;Antonio Tasayco - Thomas V.;;;
178;Supervision Campo;;4;El Agustino;;Acompañamiento Lev Campo;28/05/26;8:00 AM;SI ;Tania Guisasola;Correo;Erika Gutierrez- Margarita;Sector 17.  Punto de Encuentro en Oficina Tecnica 8 am;;
179;CIC_CIERRE;31;4;San Miguel;13;Cierre de Consulta de Informacion Catastral;29/05/26;4:00 PM;SI ;Jose Sihuay;Correo;Roxana Venegas;Poligono 260310042;;
180;CIC_CIERRE;32;4;El Agustino;1, 2 y 5;Cierre de Consulta de Informacion Catastral;29/05/26;4:00 PM;SI ;Jose Sihuay;Correo;Jose Antonio Reluz;Poligono 260310046;;
181;Supervision Comunicaciones;;4;San Miguel;5;Volanteo, Perifoneo ;01/06/26;9:00 AM;SI ;Giovana Zavala;Whast App;Jose Antonio Reluz;;;
182;CIC_Difusion;33;3B;Comas;32,33;Volanteo y Perifoneo CIC;02/06/26;9:00 AM;SI ;Eduardo Becerra;Whast App;Jose Antonio Reluz;P oligono 260510077;;
183;CIC_Difusion;35;;San Martin de Porres;43,44,54;Volanteo y Perifoneo CIC;02/06/26;11:00 AM;SI ;Kevin Elera;Whast App;Jose Antonio Reluz;Poligono 260510078 y 260510080;;
184;Supervision Campo;;6;Lima;6;Acompañamiento Lev Campo;03/06/26;8:00 AM;SI ;Alonso Guardia;Correo;Erika Gutierrez-Margarita;Sector 06;;
185;Supervision Campo;;4;San Miguel;7;Acompañamiento Lev Campo;03/06/26;9:00 AM;SI ;Andres Yantapaxi;whast App;Thomas- Antonio;Sector 07;;
186;CIC_INICIO;33;3B;Comas;32,33;Inicio de Consulta de Informacion Catastral;03/06/26;10:00 AM;SI ;Jose Sihuay;Correo;Roxana Venegas;P oligono 260510077;;
187;CIC_Difusion;34;;Villa El Salvador;11,17,18;Volanteo y Perifoneo CIC;03/06/26;9:00 AM;SI ;Alejandro Moron;Whast App;Jose Antonio Reluz;Poligono 260410076;;
188;CIC_INICIO;34;5;Villa El Salvador;11,17,18;Inicio de Consulta de Informacion Catastral;04/06/26;10:00 AM;SI ;Jose Sihuay;Correo;Jose Antonio Reluz;Poligono 260410076;;
189;CIC_INICIO;35;3C;San Martin de Porres;43,44,54;Inicio de Consulta de Informacion Catastral;04/06/26;10:00 AM;SI ;Jose Sihuay;Correo;Erick Villacrez;Poligono 260510078 y 260510080;;
190;Charla de Sensibilizacion;;5;Villa El Salvador;21;Dirigentes Vecinales y vecinos ;04/06/26;5:00 PM;SI ;Alejandro Moron;Whast App;Jose Antonio Reluz;;;
191;Supervision Comunicaciones;;4;El Agustino;16,11;Volanteo, Perifoneo  y Entrega de Cartas;05/06/26;9:30 AM;SI ;Tania Guisasola;Correo;Jose Antonio Reluz;Lugar de inicio: Oficina Av. Riva Agüero 1341 - Sector 11,16;;
192;Charla de Sensibilizacion;;6;Lima;;"Charla Informativa ""actualizacion Catastral Lima""";05/06/26;3:00 PM;SI ;Graciela Madrid;Whast App;Roxana Venegas;;;
193;Charla de Sensibilizacion;;5;Chorrillos;;Dirigentes Vecinales y vecinos Residencial El Malecón;05/06/26;7:00 PM;SI ;Diana Flores;Whast App;Roxana Venegas;Charla Virtual;;
194;CIC_Difusion;38;3A;Independencia;28,29,30,31,32,33,34;Volanteo y Perifoneo CIC;08/06/26;9:00 AM;SI ;Equipo Comunicaciones;Correo;Jose Antonio Reluz;Poligono 260510083;;
195;CIC_Difusion;37;3B;Comas;22,23,24,33;Volanteo y Perifoneo CIC;08/06/26;2:30 PM;SI ;Equipo Comunicaciones;Correo;Jose Antonio Reluz;Poligonos 260510081-260510084-260510086;;
196;CIC_INICIO;36;3C;San Martin de Porres;57,58,59;Inicio de Consulta de Informacion Catastral;08/06/26;10:00 AM;SI ;Jose Sihuay;Correo;Roxana Venegas;Poligonos 260310030 y 260310032;;
197;CIC MOVIL;33;3B;Comas;32,33;CIC - MOVIL;09/06/26;10:00 AM;SI ;Equipo Comunicaciones;Correo;Thomas Ventura;Punto de Encuentro : Parque Emancipaciòn.;;
198;Supervision Comunicaciones;;5;San Juan de Miraflores;43, 37;Perifoneo, Pegado de Afiches y Acompañaminto;09/06/26;9:00 AM;SI ;Mariam Diaz;Whast App;Jose Antonio Reluz;;;
199;CIC MOVIL;34;;Villa El Salvador;11,17,18;CIC - MOVIL;09/06/26;12:00 PM;SI ;Alejandro Moron;Whast App;Jose Antonio Reluz;Poligono 260410076;;
200;Supervision Campo;;;Villa El Salvador;;Acompañamiento Lev Campo;10/06/26;7:30 AM;SI ;;;Antonio Tasayco - Thomas V.;;;
201;CIC_INICIO;37;3A;Comas;22,23,24,33;Inicio de Consulta de Informacion Catastral;10/06/26;10:00 AM;SI ;Jose Sihuay;Correo;Roxana Venegas;Poligonos 260510081-260510084-260510086;;
202;CIC_INICIO;38;3B;Independencia;28,29,30,31,32,33,34;Inicio de Consulta de Informacion Catastral;10/06/26;10:00 AM;SI ;Jose Sihuay;Correo;Jose Antonio Reluz;Poligono 260510083;;
203;Charla de Sensibilizacion;;5;Villa El Salvador;22;Dirigentes Vecinales y vecinos ;10/06/26;5:00 PM;SI ;Alejandro Moron;Whast App;Jose Antonio Reluz;;;
204;Supervision Comunicaciones;;3C;San Martin de Porres;;Supervision de Pasacalles y Pendones (14);11/06/26;9:00 AM;SI ;Kevin Elera;Whast App;Roxana Venegas;Supervision de Banners;;
205;CIC_INICIO;39;3C;San Martin de Porres;54,55,56;Inicio de Consulta de Informacion Catastral;11/06/26;10:00 PM;SI ;Jose Sihuay;Correo;Roxana Venegas;Poligono 260410053 y 260410055;;
206;Supervision Comunicaciones;;6;Lima;;Volanteo, Pegado de Afiches y Entrega de Cartas;11/06/26;9:30 AM;SI ;Graciela Madrid;Whast App;Milagros Diaz;;;
207;CIC_Difusion;40;5;Villa El Salvador;24,32;Volanteo CIC;11/06/26;11:00 AM;SI ;Alejandro Moron;Whast App;Jose Antonio Reluz;Poligono 260410052;;
208;Supervision Comunicaciones;;5;Villa El Salvador;01, 02, 08, 09, 10,15, 23 y 24;Supervision de Pasacalles y Pendones (09);11/06/26;9:00 AM;SI ;Jose Sihuay;Correo;Jose Antonio Reluz;Supervision de Banners;;
209;CIC_INICIO;40;5;Villa El Salvador;24,32;Inicio de Consulta de Informacion Catastral;12/06/26;10:00 AM;SI ;Jose Sihuay;Correo;Jose Antonio Reluz;Poligono 260410052;;
210;Charla de Sensibilizacion;;6;Lima;;"Charla Informativa ""actualizacion Catastral Lima""";12/06/26;3:00 PM;SI ;Graciela Madrid;Whast App;Jose Antonio Reluz;Zona Rosa.   Punto de Encuentro Jr Chancay 284;;
211;CIC_CIERRE;33;3B;Comas;32,33;Cierre de Consulta de Informacion Catastral;12/06/26;4:00 PM;SI ;Jose Sihuay;Correo;Roxana Venegas;P oligono 260510077;;
212;CIC_CIERRE;34;5;Villa El Salvador;11,17,18;Cierre de Consulta de Informacion Catastral;13/06/26;12:00 PM;SI ;Jose Sihuay;Correo;Jose Antonio Reluz;Poligono 260410076;;
213;CIC_CIERRE;35;3C;San Martin de Porres;43,44,54;Cierre de Consulta de Informacion Catastral;13/06/26;12:00 PM;SI ;Jose Sihuay;Correo;Roxana Venegas;Poligono 260510078 y 260510080;;
214;CIC_Difusion;41;4;El Agustino;4,6,7,9,10,11,13;Volanteo, Perifoneo y Entrega de Cartas CIC;15/06/26;9:00 AM;SI ;Tania Guisasola;Whast App;Jose Antonio Reluz;Poligonos 260410063-2604510089-260510090-260510091;;
215;CIC_INICIO;41;4;El Agustino;4,6,7,9,10,11,13;Inicio de Consulta de Informacion Catastral;16/06/26;10:00 AM;SI ;Jose Sihuay;Correo;Jose Antonio Reluz;Poligonos 260410063-260510089-260510090-260510091;;
216;CIC_INICIO;42;4;San Miguel;7,9,10,11;Inicio de Consulta de Informacion Catastral;16/06/26;10:00 AM;SI ;Jose Sihuay;Correo;Roxana Venegas ;Pol 260410064-260410066-260510087-260510088-260510092-260510093;;
217;Supervision Comunicaciones;;5;Chorrillos;2;Activacion;17/06/26;10:00 AM;SI ;Diana Flores;Whast App;Jose Antonio Reluz;Plaza Matriz- Frente a la parroquia San Pedro;;
218;CIC MOVIL;40;5;Villa El Salvador;24,32;CIC - MOVIL;17/06/26;12:00 PM;SI ;Alejandro Moron;Whast App;Jose Antonio Reluz;Poligono 260410052;;
219;CIC_CIERRE;36;3C;San Martin de Porres;57,58,59;Cierre de Consulta de Informacion Catastral;17/06/26;4:00 PM;SI ;Jose Sihuay;Correo;Roxana Venegas;Poligonos 260310030 y 260310032;;
220;Charla de Sensibilizacion;;5;Chorrillos;8;Presidentes, Secretarios Generales y Juntas Directivas;17/06/26;7:30 PM;SI ;Jose Sihuay;Correo;Jose Antonio Reluz;Local Comunal del AAHH. San Genaro II - 3era Zona;;
221;Charla de Sensibilizacion;;6;Lima;;"Charla Informativa ""actualizacion Catastral Lima""";19/06/26;3:00 PM;SI ;Graciela Madrid;Whast App;Roxana Venegas;;;
222;CIC_CIERRE;37;3A;Comas;22,23,24,33;Cierre de Consulta de Informacion Catastral;19/06/26;4:00 PM;SI ;Jose Sihuay;Correo;Jose Antonio Reluz;Poligonos 260510081-260510084-260510086;;
223;CIC_CIERRE;38;3B;Independencia;28,29,30,31,32,33,34;Cierre de Consulta de Informacion Catastral;19/06/26;4:00 PM;SI ;Jose Sihuay;Correo;Roxana Venegas;Poligono 260510083;;
224;CIC_CIERRE;39;3C;San Martin de Porres;54,55,56;Cierre de Consulta de Informacion Catastral;20/06/26;12:00 PM;SI ;Jose Sihuay;Correo;Roxana Venegas;Poligono 260410053 y 260410055;;
225;CIC_CIERRE;40;5;Villa El Salvador;24,32;Cierre de Consulta de Informacion Catastral;20/06/26;12:00 PM;SI ;Jose Sihuay;Correo;Jose Antonio Reluz;Poligono 260410052;;
226;Supervision Comunicaciones;;3B;Comas;5,6, 32;Condominio Los Laureles - Difusion y medición;23/06/26;10:00 AM;SI ;Equipo Comunicaciones;Correo;Jose Antonio Reluz;Punto de Encuentro : Condominio los Laureles.;;
227;Supervision Comunicaciones;;6;Lima;21, 23, 29;Sensibilizacion, entrega de cartas y pegado afiches;24/06/26;10:00 AM;SI ;Graciela Madrid;Whast App;Jose Antonio Reluz;Punto de Encuentro:;;
228;CIC_Difusion;43;5;San Juan de Miraflores;43 y 41;Volanteo, Perifoneo y Entrega de Cartas CIC;25/06/26;9:30 AM;SI ;Mariam Diaz;Correo;Jose Antonio Reluz;Punto de Encuentro : Oficina Tecnica;;
229;Supervision Gabinete;;3B;Comas;;Base Datos - Cartografia;25/06/26;9:00 AM;SI ;MELVIN;Whast App;Jamir Camones;Oficina Tecnica;;
230;Supervision Gabinete;;5;San Juan de Miraflores;;Base Datos - Cartografia;25/06/26;9:00 AM;SI ;MELVIN;Whast App;Milagros Diaz;Oficina Tecnica;;
231;Supervision Gabinete;;4;El Agustino;;Base Datos - Cartografia;25/06/26;9:00 AM;SI ;MELVIN;Whast App;Yoselin Soto;Oficina Tecnica;;
232;Supervision Gabinete;;3C;San Martin de Porres;;Base Datos - Cartografia;25/06/26;9:00 AM;SI ;MELVIN;Whast App;Wilson Chavarria;Oficina Tecnica;;
233;Supervision Campo;;5;San Juan de Miraflores;;Acompañamiento Lev Campo;25/06/26;8:00 AM;SI ;MELVIN;Whast App;Thomas Ventura;;;
234;Supervision Campo;;5;Chorrillos;;Acompañamiento Lev Campo;25/06/26;11:00 AM;SI ;MELVIN;Whast App;Thomas Ventura;;;
235;CIC_CIERRE;41;4;El Agustino;4,6,7,9,10,11,13;Cierre de Consulta de Informacion Catastral;25/06/26;4:00 PM;SI ;Jose Sihuay;Correo;Jose Antonio Reluz;Poligonos 260410063-2604510089-260510090-260510091;;
236;CIC_CIERRE;42;4;San Miguel;7,9,10,11;Cierre de Consulta de Informacion Catastral;25/06/26;4:00 PM;SI ;Jose Sihuay;Correo;Roxana Venegas;Pol 260410064-260410066-260510087-260510088-260510092-260510093;;
237;CIC_INICIO;43;5;San Juan de Miraflores;31,32;Inicio de Consulta de Informacion Catastral;26/06/26;10:00 AM;SI ;Jose Sihuay;Correo;Jose Antonio Reluz;Poligono 260410071;;
238;Charla de Sensibilizacion;;6;Lima;10;"Charla Informativa ""actualizacion Catastral Lima""";26/06/26;3:00 PM;SI ;Graciela Madrid;Whast App;Jose Antonio Reluz;;;
239;CIC_Difusion;44;5;Chorrillos;19;Volanteo, Perifoneo y Entrega de Cartas CIC;27/06/26;9:30 AM;SI ;Diana Flores;Whast App;Jose Antonio Reluz; Poligono 260410072;;
240;CIC_Difusion;45;5;Villa El Salvador;19,24,25;Volanteo, Perifoneo y Entrega de Cartas CIC;30/06/26;9:00 AM;;Alejandro Moron;Whast App;Jose Antonio Reluz;Poligono 260410067;;
241;CIC_INICIO;44;5;Chorrillos;19;Inicio de Consulta de Informacion Catastral;01/07/26;10:00 AM;;Jose Sihuay;Correo;Roxana Venegas ; Poligono 260410072;;
242;CIC_INICIO;45;5;Villa El Salvador;19,24,25;Inicio de Consulta de Informacion Catastral;01/07/26;10:00 AM;;Jose Sihuay;Correo;Jose Antonio Reluz;Poligono 260410067;;
243;Charla de Sensibilizacion;;6;Lima;;"Charla Informativa ""actualizacion Catastral Lima""";03/07/26;3:00 PM;;;;Roxana Venegas;;;
244;CIC_CIERRE;43;5;San Juan de Miraflores;31,32;Cierre de Consulta de Informacion Catastral;07/07/26;4:00 PM;;Jose Sihuay;Correo;;Poligono 260410071;;
245;Supervision Comunicaciones;;6;Lima;;Volanteo, Pegado de Afiches y Entrega de Cartas;08/07/26;9:00 AM;;Graciela Madrid;Whast App;Jose Antonio Reluz;;;
246;CIC_CIERRE;44;5;Chorrillos;19;Cierre de Consulta de Informacion Catastral;10/07/26;4:00 PM;;Jose Sihuay;Correo;Jose Antonio Reluz; Poligono 260410072;;
247;CIC_CIERRE;45;5;Villa El Salvador;19,24,25;Cierre de Consulta de Informacion Catastral;10/07/26;4:00 PM;;Jose Sihuay;Correo;Roxana Venegas ;Poligono 260410067;;
248;;;;;;;;;;;;;;;
249;;;;;;;;;;;;;;;
250;;;;;;;;;;;;;;;
;;;;;;;;;;;;;;;
;;;;;;;;;;;;;;;
;;;;;;;;;;;;;;;
;;;;;;;;;;;;;;;
;;;;;;;;;;;;;;;
;;;;;;;;;;;;;;;
;;;;;;;;;;;;;;;
;;;;;;;;;;;;;;;
;;;;;;;;;;;;;;;
;;;;;;;;;;;;;;;
;;;;;;;;;;;;;;;
